<?xml version='1.0' encoding='UTF-8'?>
<metadata>
 <idinfo>
  <citation>
   <citeinfo>
    <origin>HKV</origin>
    <pubdate/>
    <title>A flood similiar to the 2007 Jakarta event</title>
    <edition/>
    <geoform>Map</geoform>
    <pubinfo>
     <pubplace/>
     <publish/>
    </pubinfo>
    <othercit/>
    <onlink/>
   </citeinfo>
  </citation>
  <descript>
   <abstract>Flood probabilistic hazard, similiar to the 2007 event</abstract>
   <purpose>Along with sub-village boundaries that were mapped during the DKI mapping project, this dataset was used to identify flood areas based on information provided by the villages.</purpose>
   <supplinf/>
  </descript>
  <timeperd>
   <timeinfo>
    <sngdate>
     <caldate/>
    </sngdate>
   </timeinfo>
   <current/>
  </timeperd>
  <status>
   <progress>Complete</progress>
   <update>As Needed</update>
  </status>
  <spdom>
   <bounding>
    <westbc/>
    <eastbc/>
    <northbc/>
    <southbc/>
   </bounding>
  </spdom>
  <keywords>
   <theme>
    <themekt>Hazard</themekt>
    <themekey>Flood</themekey>
   </theme>
   <place>
    <placekt>Geographic names</placekt>
    <placekey>DKI Jakarta</placekey>
   </place>
   <temporal>
    <tempkt>Time</tempkt>
    <tempkey>2007</tempkey>
   </temporal>
  </keywords>
  <accconst/>
  <useconst/>
  <ptcontac>
   <cntinfo>
    <cntorgp>
     <cntorg/>
     <cntper/>
    </cntorgp>
    <cntaddr>
     <addrtype/>
     <address/>
     <city/>
     <state/>
     <postal/>
     <country/>
    </cntaddr>
    <cntvoice/>
    <cntemail/>
   </cntinfo>
  </ptcontac>
  <native/>
 </idinfo>
 <dataqual>
  <logic/>
  <complete/>
  <lineage>
   <srcinfo>
    <srccite>
     <citeinfo>
      <origin/>
      <pubdate/>
      <title/>
      <edition/>
     </citeinfo>
    </srccite>
    <srcscale/>
    <typesrc/>
    <srctime>
     <timeinfo>
      <sngdate>
       <caldate/>
      </sngdate>
     </timeinfo>
     <srccurr/>
    </srctime>
    <srccitea/>
    <srccontr/>
   </srcinfo>
   <procstep>
    <procdesc/>
    <procdate/>
    <proccont>
     <cntinfo>
      <cntperp>
       <cntper/>
      </cntperp>
      <cntaddr>
       <addrtype/>
       <address/>
       <city/>
       <state/>
       <postal/>
       <country/>
      </cntaddr>
      <cntvoice/>
     </cntinfo>
    </proccont>
   </procstep>
  </lineage>
 </dataqual>
 <spref>
  <horizsys>
   <geograph>
    <latres/>
    <longres/>
    <geogunit/>
   </geograph>
   <geodetic>
    <horizdn/>
    <ellips/>
    <semiaxis/>
    <denflat/>
   </geodetic>
  </horizsys>
 </spref>
 <eainfo>
  <detailed>
   <enttyp>
    <enttypl/>
    <enttypd/>
    <enttypds/>
   </enttyp>
   <attr>
    <attrlabl/>
    <attrdef/>
    <attrdefs/>
    <attrdomv/>
   </attr>
  </detailed>
 </eainfo>
 <metainfo>
  <metd/>
  <metrd/>
  <metfrd/>
  <metc>
   <cntinfo>
    <cntorgp>
     <cntorg/>
     <cntper/>
    </cntorgp>
    <cntpos/>
    <cntaddr>
     <addrtype/>
     <address/>
     <city/>
     <state/>
     <postal/>
     <country/>
    </cntaddr>
    <cntvoice/>
    <cntemail/>
   </cntinfo>
  </metc>
  <metstdn/>
  <metstdv/>
 </metainfo>
</metadata>
