<?xml version="1.0" encoding="UTF-8"?>
<gmd:MD_Metadata xmlns:gco="http://www.isotc211.org/2005/gco" xmlns:gmd="http://www.isotc211.org/2005/gmd" xmlns:xsi="http://www.w3.org/2001/XMLSchema-instance" xsi:schemaLocation="http://www.isotc211.org/2005/gmd http://schemas.opengis.net/iso/19139/20060504/gmd/gmd.xsd">
  <gmd:fileIdentifier>
    <gco:CharacterString>None</gco:CharacterString>
  </gmd:fileIdentifier>
  <gmd:language>
    <gmd:LanguageCode codeList="http://www.loc.gov/standards/iso639-2/" codeListValue="eng">eng
        </gmd:LanguageCode>
    <gco:CharacterString>eng</gco:CharacterString>
  </gmd:language>
  <gmd:characterSet>
    <gmd:MD_CharacterSetCode codeList="http://www.isotc211.org/2005/resources/Codelist/gmxCodelists.xml#MD_CharacterSetCode" codeListValue="MD_CharacterSetCode_utf8" codeSpace="ISOTC211/19115">
            MD_CharacterSetCode_utf8
        </gmd:MD_CharacterSetCode>
  </gmd:characterSet>
  <gmd:hierarchyLevel>
    <gmd:MD_ScopeCode codeList="http://standards.iso.org/ittf/PubliclyAvailableStandards/ISO_19139_Schemas/resources/Codelist/ML_gmxCodelists.xml#MD_ScopeCode" codeListValue="dataset">dataset
        </gmd:MD_ScopeCode>
  </gmd:hierarchyLevel>
  <gmd:contact>
    <gmd:CI_ResponsibleParty>
      <gmd:organisationName>
        <gco:CharacterString/>
      </gmd:organisationName>
      <gmd:contactInfo>
        <gmd:CI_Contact>
          <gmd:address>
            <gmd:CI_Address>
              <gmd:electronicMailAddress>
                <gco:CharacterString/>
              </gmd:electronicMailAddress>
            </gmd:CI_Address>
          </gmd:address>
        </gmd:CI_Contact>
      </gmd:contactInfo>
      <gmd:role>
        <gmd:CI_RoleCode codeList="http://standards.iso.org/ittf/PubliclyAvailableStandards/ISO_19139_Schemas/resources/Codelist/ML_gmxCodelists.xml#CI_RoleCode" codeListValue="pointOfContact">pointOfContact
                </gmd:CI_RoleCode>
      </gmd:role>
    </gmd:CI_ResponsibleParty>
  </gmd:contact>
  <gmd:dateStamp>
    <gco:Date/>
  </gmd:dateStamp>
  <gmd:metadataStandardName>
    <gco:CharacterString>ISO19115</gco:CharacterString>
  </gmd:metadataStandardName>
  <gmd:metadataStandardVersion>
    <gco:CharacterString>2003/Cor.1:2006</gco:CharacterString>
  </gmd:metadataStandardVersion>
  <gmd:identificationInfo>
    <gmd:MD_DataIdentification>
      <gmd:abstract>
        <gco:CharacterString/>
      </gmd:abstract>
      <gmd:citation>
        <gmd:CI_Citation>
          <gmd:title>
            <gco:CharacterString>Building centroids</gco:CharacterString>
          </gmd:title>
          <gmd:date>
            <gmd:CI_Date>
              <gmd:date>
                <gco:Date/>
              </gmd:date>
              <gmd:dateType>
                <gmd:CI_DateTypeCode codeList="http://standards.iso.org/ittf/PubliclyAvailableStandards/ISO_19139_Schemas/resources/Codelist/ML_gmxCodelists.xml#CI_DateTypeCode" codeListValue="publication">publication
                                </gmd:CI_DateTypeCode>
              </gmd:dateType>
            </gmd:CI_Date>
          </gmd:date>
          <gmd:date>
            <gmd:CI_Date>
              <gmd:date>
                <gco:Date/>
              </gmd:date>
              <gmd:dateType>
                <gmd:CI_DateTypeCode codeList="http://standards.iso.org/ittf/PubliclyAvailableStandards/ISO_19139_Schemas/resources/Codelist/ML_gmxCodelists.xml#CI_DateTypeCode" codeListValue="revision">revision
                                </gmd:CI_DateTypeCode>
              </gmd:dateType>
            </gmd:CI_Date>
          </gmd:date>
          <gmd:date>
            <gmd:CI_Date>
              <gmd:date>
                <gco:Date/>
              </gmd:date>
              <gmd:dateType>
                <gmd:CI_DateTypeCode codeList="http://standards.iso.org/ittf/PubliclyAvailableStandards/ISO_19139_Schemas/resources/Codelist/ML_gmxCodelists.xml#CI_DateTypeCode" codeListValue="creation">creation
                                </gmd:CI_DateTypeCode>
              </gmd:dateType>
            </gmd:CI_Date>
          </gmd:date>
          <gmd:identifier>
            <gmd:RS_Identifier>
              <gmd:code>
                <gco:CharacterString>None</gco:CharacterString>
              </gmd:code>
            </gmd:RS_Identifier>
          </gmd:identifier>
        </gmd:CI_Citation>
      </gmd:citation>
      <gmd:pointOfContact>
        <gmd:CI_ResponsibleParty>
          <gmd:organisationName>
            <gco:CharacterString/>
          </gmd:organisationName>
          <gmd:contactInfo>
            <gmd:CI_Contact>
              <gmd:address>
                <gmd:CI_Address>
                  <gmd:electronicMailAddress>
                    <gco:CharacterString/>
                  </gmd:electronicMailAddress>
                </gmd:CI_Address>
              </gmd:address>
            </gmd:CI_Contact>
          </gmd:contactInfo>
        </gmd:CI_ResponsibleParty>
      </gmd:pointOfContact>
      <gmd:descriptiveKeywords>
        <gmd:MD_Keywords>
          <gmd:keyword>
            <gco:CharacterString>Human health and safety
                        </gco:CharacterString>
          </gmd:keyword>
          <gmd:thesaurusName>
            <gmd:CI_Citation>
              <gmd:title>
                <gco:CharacterString>GEMET - INSPIRE themes,
                                    version 1.0
                                </gco:CharacterString>
              </gmd:title>
              <gmd:date>
                <gmd:CI_Date>
                  <gmd:date>
                    <gco:Date>2008-06-01</gco:Date>
                  </gmd:date>
                  <gmd:dateType>
                    <gmd:CI_DateTypeCode codeList="http://standards.iso.org/ittf/PubliclyAvailableStandards/ISO_19139_Schemas/resources/Codelist/ML_gmxCodelists.xml#CI_DateTypeCode" codeListValue="publication">
                                            publication
                                        </gmd:CI_DateTypeCode>
                  </gmd:dateType>
                </gmd:CI_Date>
              </gmd:date>
            </gmd:CI_Citation>
          </gmd:thesaurusName>
        </gmd:MD_Keywords>
      </gmd:descriptiveKeywords>
      <gmd:resourceConstraints>
        <gmd:MD_Constraints>
          <gmd:useLimitation>
            <gco:CharacterString>Open Data Commons Open Database License (ODbL)</gco:CharacterString>
          </gmd:useLimitation>
        </gmd:MD_Constraints>
      </gmd:resourceConstraints>
      <gmd:language>
        <gmd:LanguageCode codeList="http://www.loc.gov/standards/iso639-2/" codeListValue="eng">eng
                </gmd:LanguageCode>
      </gmd:language>
      <gmd:topicCategory>
        <gmd:MD_TopicCategoryCode>geoscientificInformation
                </gmd:MD_TopicCategoryCode>
      </gmd:topicCategory>
      <gmd:extent>
        <gmd:EX_Extent>
                </gmd:EX_Extent>
      </gmd:extent>
      <gmd:supplementalInformation>
        <inasafe_keywords/>
        <inasafe>
          <population_field>
            <gco:CharacterString/>
          </population_field>
          <multipart_polygon>
            <gco:Boolean/>
          </multipart_polygon>
          <resolution>
            <gco:FloatTuple/>
          </resolution>
          <area_name_field>
            <gco:CharacterString/>
          </area_name_field>
          <area_population_field>
            <gco:CharacterString/>
          </area_population_field>
          <exposure_unit>
            <gco:CharacterString/>
          </exposure_unit>
          <area_id_field>
            <gco:CharacterString/>
          </area_id_field>
          <field>
            <gco:CharacterString/>
          </field>
          <layer_geometry>
            <gco:CharacterString>point</gco:CharacterString>
          </layer_geometry>
          <scale>
            <gco:CharacterString/>
          </scale>
          <report>
            <gco:CharacterString/>
          </report>
          <exposure>
            <gco:CharacterString>structure</gco:CharacterString>
          </exposure>
          <name_field>
            <gco:CharacterString/>
          </name_field>
          <keyword_version>
            <gco:CharacterString>3.5</gco:CharacterString>
          </keyword_version>
          <datatype>
            <gco:CharacterString/>
          </datatype>
          <value_map>
            <gco:Dictionary/>
          </value_map>
          <structure_class_field>
            <gco:CharacterString>TYPE</gco:CharacterString>
          </structure_class_field>
          <allow_resampling>
            <gco:CharacterString/>
          </allow_resampling>
          <source>
            <gco:CharacterString>OpenStreetMap - www.openstreetmap.org</gco:CharacterString>
          </source>
          <layer_purpose>
            <gco:CharacterString>exposure</gco:CharacterString>
          </layer_purpose>
          <area_type_field>
            <gco:CharacterString/>
          </area_type_field>
          <layer_mode>
            <gco:CharacterString>classified</gco:CharacterString>
          </layer_mode>
          <road_class_field>
            <gco:CharacterString/>
          </road_class_field>
        </inasafe>
      </gmd:supplementalInformation>
    </gmd:MD_DataIdentification>
  </gmd:identificationInfo>
  <gmd:distributionInfo>
    <gmd:MD_Distribution>
      <gmd:distributionFormat>
        <gmd:MD_Format>
          <gmd:name>
            <gco:CharacterString>unknown</gco:CharacterString>
          </gmd:name>
          <gmd:version>
            <gco:CharacterString>unknown</gco:CharacterString>
          </gmd:version>
        </gmd:MD_Format>
      </gmd:distributionFormat>
      <gmd:transferOptions>
        <gmd:MD_DigitalTransferOptions>
          <gmd:onLine>
            <gmd:CI_OnlineResource>
              <gmd:linkage>
                <gmd:URL>www.openstreetmap.org</gmd:URL>
              </gmd:linkage>
            </gmd:CI_OnlineResource>
          </gmd:onLine>
        </gmd:MD_DigitalTransferOptions>
      </gmd:transferOptions>
    </gmd:MD_Distribution>
  </gmd:distributionInfo>
  <gmd:dataQualityInfo>
    <gmd:DQ_DataQuality>
      <gmd:scope>
        <gmd:DQ_Scope>
          <gmd:level>
            <gmd:MD_ScopeCode codeList="http://standards.iso.org/ittf/PubliclyAvailableStandards/ISO_19139_Schemas/resources/Codelist/ML_gmxCodelists.xml#MD_ScopeCode" codeListValue="dataset">
                            dataset
                        </gmd:MD_ScopeCode>
          </gmd:level>
        </gmd:DQ_Scope>
      </gmd:scope>
      <gmd:report>
        <gmd:DQ_DomainConsistency xsi:type="gmd:DQ_DomainConsistency_Type">
          <gmd:result>
            <gmd:DQ_ConformanceResult xsi:type="gmd:DQ_ConformanceResult_Type">
              <gmd:specification>
                <gmd:CI_Citation>
                  <gmd:date>
                    <gmd:CI_Date>
                      <gmd:date>
                        <gco:Date/>
                      </gmd:date>
                      <gmd:dateType>
                        <gmd:CI_DateTypeCode codeList="http://standards.iso.org/ittf/PubliclyAvailableStandards/ISO_19139_Schemas/resources/Codelist/ML_gmxCodelists.xml#CI_DateTypeCode" codeListValue="creation">
                                                    creation
                                                </gmd:CI_DateTypeCode>
                      </gmd:dateType>
                    </gmd:CI_Date>
                  </gmd:date>
                </gmd:CI_Citation>
              </gmd:specification>
              <gmd:explanation>
                <gco:CharacterString>See the referenced
                                    specification
                                </gco:CharacterString>
              </gmd:explanation>
              <gmd:pass>
                <gco:Boolean>true</gco:Boolean>
              </gmd:pass>
            </gmd:DQ_ConformanceResult>
          </gmd:result>
        </gmd:DQ_DomainConsistency>
      </gmd:report>
      <gmd:lineage>
        <gmd:LI_Lineage>
          <gmd:statement>
            <gco:CharacterString/>
          </gmd:statement>
        </gmd:LI_Lineage>
      </gmd:lineage>
    </gmd:DQ_DataQuality>
  </gmd:dataQualityInfo>
</gmd:MD_Metadata>
