<?xml version='1.0' encoding='UTF-8'?>
<metadata>
 <idinfo>
  <citation>
   <citeinfo>
    <origin>OpenStreetMap</origin>
    <pubdate/>
    <title/>
    <edition/>
    <geoform>map</geoform>
    <pubinfo>
     <pubplace/>
     <publish/>
    </pubinfo>
    <othercit/>
    <onlink>www.openstretmap.org</onlink>
   </citeinfo>
  </citation>
  <descript>
   <abstract>Road network</abstract>
   <purpose>OpenStreetMap is a collaborative project to create a free editable map of the world. Two major driving forces behind the establishment and growth of OSM have been restrictions on use or availability of map information across much of the world and the advent of inexpensive portable satellite navigation devices.</purpose>
   <supplinf/>
  </descript>
  <timeperd>
   <timeinfo>
    <sngdate>
     <caldate/>
    </sngdate>
   </timeinfo>
   <current/>
  </timeperd>
  <status>
   <progress>Complete</progress>
   <update>As Needed</update>
  </status>
  <spdom>
   <bounding>
    <westbc/>
    <eastbc/>
    <northbc/>
    <southbc/>
   </bounding>
  </spdom>
  <keywords>
   <theme>
    <themekt/>
    <themekey/>
   </theme>
   <place>
    <placekt/>
    <placekey/>
   </place>
   <temporal>
    <tempkt/>
    <tempkey/>
   </temporal>
  </keywords>
  <accconst/>
  <useconst/>
  <ptcontac>
   <cntinfo>
    <cntorgp>
     <cntorg/>
     <cntper/>
    </cntorgp>
    <cntaddr>
     <addrtype/>
     <address/>
     <city/>
     <state/>
     <postal/>
     <country/>
    </cntaddr>
    <cntvoice/>
    <cntemail/>
   </cntinfo>
  </ptcontac>
  <native/>
 </idinfo>
 <dataqual>
  <logic/>
  <complete/>
  <lineage>
   <srcinfo>
    <srccite>
     <citeinfo>
      <origin/>
      <pubdate/>
      <title/>
      <edition/>
     </citeinfo>
    </srccite>
    <srcscale/>
    <typesrc/>
    <srctime>
     <timeinfo>
      <sngdate>
       <caldate/>
      </sngdate>
     </timeinfo>
     <srccurr/>
    </srctime>
    <srccitea/>
    <srccontr/>
   </srcinfo>
   <procstep>
    <procdesc/>
    <procdate/>
    <proccont>
     <cntinfo>
      <cntperp>
       <cntper/>
      </cntperp>
      <cntaddr>
       <addrtype/>
       <address/>
       <city/>
       <state/>
       <postal/>
       <country/>
      </cntaddr>
      <cntvoice/>
     </cntinfo>
    </proccont>
   </procstep>
  </lineage>
 </dataqual>
 <spref>
  <horizsys>
   <geograph>
    <latres/>
    <longres/>
    <geogunit/>
   </geograph>
   <geodetic>
    <horizdn/>
    <ellips/>
    <semiaxis/>
    <denflat/>
   </geodetic>
  </horizsys>
 </spref>
 <eainfo>
  <detailed>
   <enttyp>
    <enttypl/>
    <enttypd/>
    <enttypds/>
   </enttyp>
   <attr>
    <attrlabl/>
    <attrdef/>
    <attrdefs/>
    <attrdomv/>
   </attr>
  </detailed>
 </eainfo>
 <metainfo>
  <metd/>
  <metrd/>
  <metfrd/>
  <metc>
   <cntinfo>
    <cntorgp>
     <cntorg/>
     <cntper/>
    </cntorgp>
    <cntpos/>
    <cntaddr>
     <addrtype/>
     <address/>
     <city/>
     <state/>
     <postal/>
     <country/>
    </cntaddr>
    <cntvoice/>
    <cntemail/>
   </cntinfo>
  </metc>
  <metstdn/>
  <metstdv/>
 </metainfo>
</metadata>
