<?xml version='1.0' encoding='UTF-8'?>
<metadata>
 <idinfo>
  <citation>
   <citeinfo>
    <origin>Asia Pop</origin>
    <pubdate>2010</pubdate>
    <title/>
    <edition/>
    <geoform>map</geoform>
    <pubinfo>
     <pubplace/>
     <publish/>
    </pubinfo>
    <othercit/>
    <onlink>http://worldpop.org.uk/</onlink>
   </citeinfo>
  </citation>
  <descript>
   <abstract>Raster modeling population</abstract>
   <purpose>High resolution, contemporary data on human population distributions are a prerequisite for the accurate measurement of the impacts of population growth, for monitoring changes and for planning interventions. The AsiaPop project was initiated in July 2011 with an aim of producing detailed and freely-available population distribution maps for the whole of Asia.</purpose>
   <supplinf/>
  </descript>
  <timeperd>
   <timeinfo>
    <sngdate>
     <caldate/>
    </sngdate>
   </timeinfo>
   <current/>
  </timeperd>
  <status>
   <progress>Complete</progress>
   <update>As Needed</update>
  </status>
  <spdom>
   <bounding>
    <westbc/>
    <eastbc/>
    <northbc/>
    <southbc/>
   </bounding>
  </spdom>
  <keywords>
   <theme>
    <themekt>Exposure</themekt>
    <themekey>Population</themekey>
   </theme>
   <place>
    <placekt>Geographic names</placekt>
    <placekey>Java</placekey>
   </place>
   <temporal>
    <tempkt>Time</tempkt>
    <tempkey>2010</tempkey>
   </temporal>
  </keywords>
  <accconst/>
  <useconst/>
  <ptcontac>
   <cntinfo>
    <cntorgp>
     <cntorg/>
     <cntper/>
    </cntorgp>
    <cntaddr>
     <addrtype/>
     <address/>
     <city/>
     <state/>
     <postal/>
     <country/>
    </cntaddr>
    <cntvoice/>
    <cntemail/>
   </cntinfo>
  </ptcontac>
  <native/>
 </idinfo>
 <dataqual>
  <logic/>
  <complete/>
  <lineage>
   <srcinfo>
    <srccite>
     <citeinfo>
      <origin/>
      <pubdate/>
      <title/>
      <edition/>
     </citeinfo>
    </srccite>
    <srcscale/>
    <typesrc/>
    <srctime>
     <timeinfo>
      <sngdate>
       <caldate/>
      </sngdate>
     </timeinfo>
     <srccurr/>
    </srctime>
    <srccitea/>
    <srccontr/>
   </srcinfo>
   <procstep>
    <procdesc>Download from this link http://www.worldpop.org.uk/data/summary/?contselect=Asia&amp;countselect=Indonesia&amp;typeselect=Population, and than masked by Java Island</procdesc>
    <procdate/>
    <proccont>
     <cntinfo>
      <cntperp>
       <cntper/>
      </cntperp>
      <cntaddr>
       <addrtype/>
       <address/>
       <city/>
       <state/>
       <postal/>
       <country/>
      </cntaddr>
      <cntvoice/>
     </cntinfo>
    </proccont>
   </procstep>
  </lineage>
 </dataqual>
 <spref>
  <horizsys>
   <geograph>
    <latres/>
    <longres/>
    <geogunit/>
   </geograph>
   <geodetic>
    <horizdn/>
    <ellips/>
    <semiaxis/>
    <denflat/>
   </geodetic>
  </horizsys>
 </spref>
 <eainfo>
  <detailed>
   <enttyp>
    <enttypl/>
    <enttypd/>
    <enttypds/>
   </enttyp>
   <attr>
    <attrlabl/>
    <attrdef/>
    <attrdefs/>
    <attrdomv/>
   </attr>
  </detailed>
 </eainfo>
 <metainfo>
  <metd/>
  <metrd/>
  <metfrd/>
  <metc>
   <cntinfo>
    <cntorgp>
     <cntorg/>
     <cntper/>
    </cntorgp>
    <cntpos/>
    <cntaddr>
     <addrtype/>
     <address/>
     <city/>
     <state/>
     <postal/>
     <country/>
    </cntaddr>
    <cntvoice/>
    <cntemail/>
   </cntinfo>
  </metc>
  <metstdn/>
  <metstdv/>
 </metainfo>
</metadata>
